{
    "model_name": "baseline_cnn",
    "accuracy": 0.9506172839506173,
    "macro_precision": 0.9497932153075942,
    "macro_recall": 0.9510810061869103,
    "macro_f1": 0.9499761512523561,
    "parameters": 1176746,
    "model_size_mb": 4.514432907104492,
    "avg_inference_time_ms": 1.2126169999464764,
    "median_inference_time_ms": 1.1844499995277147,
    "classification_report": {
        "AnnualCrop": {
            "precision": 0.9659863945578231,
            "recall": 0.902542372881356,
            "f1-score": 0.9331872946330778,
            "support": 472.0
        },
        "Forest": {
            "precision": 0.9863945578231292,
            "recall": 0.9841628959276018,
            "f1-score": 0.9852774631936579,
            "support": 442.0
        },
        "HerbaceousVegetation": {
            "precision": 0.9014675052410901,
            "recall": 0.9388646288209607,
            "f1-score": 0.9197860962566845,
            "support": 458.0
        },
        "Highway": {
            "precision": 0.945273631840796,
            "recall": 0.9718670076726342,
            "f1-score": 0.9583858764186634,
            "support": 391.0
        },
        "Industrial": {
            "precision": 0.9785522788203753,
            "recall": 0.9656084656084656,
            "f1-score": 0.9720372836218375,
            "support": 378.0
        },
        "Pasture": {
            "precision": 0.9113924050632911,
            "recall": 0.9632107023411371,
            "f1-score": 0.9365853658536586,
            "support": 299.0
        },
        "PermanentCrop": {
            "precision": 0.9376770538243626,
            "recall": 0.8733509234828496,
            "f1-score": 0.9043715846994536,
            "support": 379.0
        },
        "Residential": {
            "precision": 0.9909297052154195,
            "recall": 0.9711111111111111,
            "f1-score": 0.9809203142536476,
            "support": 450.0
        },
        "River": {
            "precision": 0.8975,
            "recall": 0.9573333333333334,
            "f1-score": 0.9264516129032258,
            "support": 375.0
        },
        "SeaLake": {
            "precision": 0.9827586206896551,
            "recall": 0.9827586206896551,
            "f1-score": 0.9827586206896551,
            "support": 406.0
        },
        "accuracy": 0.9506172839506173,
        "macro avg": {
            "precision": 0.9497932153075942,
            "recall": 0.9510810061869103,
            "f1-score": 0.9499761512523561,
            "support": 4050.0
        },
        "weighted avg": {
            "precision": 0.9515223806157245,
            "recall": 0.9506172839506173,
            "f1-score": 0.9506191101276323,
            "support": 4050.0
        }
    },
    "confusion_matrix": [
        [
            426,
            2,
            3,
            0,
            0,
            14,
            3,
            0,
            18,
            6
        ],
        [
            0,
            435,
            1,
            0,
            0,
            5,
            0,
            0,
            1,
            0
        ],
        [
            1,
            1,
            430,
            2,
            0,
            6,
            14,
            3,
            1,
            0
        ],
        [
            0,
            1,
            0,
            380,
            1,
            0,
            2,
            0,
            7,
            0
        ],
        [
            0,
            0,
            1,
            8,
            365,
            0,
            3,
            1,
            0,
            0
        ],
        [
            4,
            1,
            1,
            0,
            0,
            288,
            0,
            0,
            5,
            0
        ],
        [
            9,
            0,
            30,
            2,
            0,
            1,
            331,
            0,
            6,
            0
        ],
        [
            0,
            0,
            6,
            0,
            7,
            0,
            0,
            437,
            0,
            0
        ],
        [
            1,
            1,
            2,
            10,
            0,
            1,
            0,
            0,
            359,
            1
        ],
        [
            0,
            0,
            3,
            0,
            0,
            1,
            0,
            0,
            3,
            399
        ]
    ],
    "class_names": [
        "AnnualCrop",
        "Forest",
        "HerbaceousVegetation",
        "Highway",
        "Industrial",
        "Pasture",
        "PermanentCrop",
        "Residential",
        "River",
        "SeaLake"
    ]
}