{
    "clean": {
        "accuracy": 0.9518518518518518,
        "precision": 0.9510903183028662,
        "recall": 0.9508300000000001,
        "f1": 0.9506668426566526,
        "parameters": 1176746,
        "model_size_mb": 4.514432907104492,
        "avg_latency_ms": 1.0046739997778786,
        "median_latency_ms": 1.0000000002037268,
        "confusion_matrix": [
            [
                2777,
                11,
                21,
                6,
                0,
                53,
                24,
                0,
                86,
                22
            ],
            [
                1,
                2965,
                12,
                0,
                0,
                19,
                0,
                0,
                1,
                2
            ],
            [
                11,
                7,
                2814,
                12,
                4,
                26,
                101,
                13,
                11,
                1
            ],
            [
                3,
                1,
                7,
                2412,
                4,
                1,
                12,
                1,
                59,
                0
            ],
            [
                1,
                0,
                15,
                59,
                2397,
                0,
                10,
                10,
                8,
                0
            ],
            [
                13,
                7,
                36,
                0,
                0,
                1907,
                3,
                0,
                32,
                2
            ],
            [
                73,
                0,
                172,
                9,
                13,
                14,
                2167,
                0,
                52,
                0
            ],
            [
                0,
                0,
                25,
                5,
                45,
                0,
                0,
                2925,
                0,
                0
            ],
            [
                24,
                8,
                27,
                47,
                1,
                5,
                1,
                0,
                2381,
                6
            ],
            [
                8,
                13,
                9,
                0,
                0,
                4,
                0,
                0,
                11,
                2955
            ]
        ]
    },
    "noisy": {
        "accuracy": 0.23385185185185184,
        "precision": 0.5374894033839891,
        "recall": 0.23123333333333332,
        "f1": 0.18037025353610267,
        "parameters": 1176746,
        "model_size_mb": 4.514432907104492,
        "avg_latency_ms": 1.08409100001154,
        "median_latency_ms": 1.0185499995714054,
        "confusion_matrix": [
            [
                28,
                8,
                66,
                516,
                3,
                0,
                219,
                2114,
                46,
                0
            ],
            [
                0,
                82,
                0,
                0,
                0,
                0,
                0,
                2918,
                0,
                0
            ],
            [
                0,
                1,
                88,
                28,
                23,
                0,
                3,
                2857,
                0,
                0
            ],
            [
                0,
                0,
                0,
                921,
                12,
                0,
                1,
                1566,
                0,
                0
            ],
            [
                0,
                0,
                0,
                17,
                2020,
                0,
                0,
                463,
                0,
                0
            ],
            [
                0,
                2,
                0,
                0,
                0,
                0,
                0,
                1998,
                0,
                0
            ],
            [
                0,
                0,
                2,
                105,
                35,
                0,
                160,
                2198,
                0,
                0
            ],
            [
                0,
                0,
                0,
                0,
                1,
                0,
                0,
                2999,
                0,
                0
            ],
            [
                0,
                0,
                0,
                73,
                20,
                0,
                0,
                2393,
                14,
                0
            ],
            [
                1,
                55,
                0,
                0,
                0,
                0,
                0,
                2941,
                1,
                2
            ]
        ]
    },
    "low_light": {
        "accuracy": 0.7937407407407407,
        "precision": 0.8671710652356444,
        "recall": 0.78513,
        "f1": 0.8007311095387445,
        "parameters": 1176746,
        "model_size_mb": 4.514432907104492,
        "avg_latency_ms": 2.1770260002449504,
        "median_latency_ms": 1.9406500014156336,
        "confusion_matrix": [
            [
                2660,
                44,
                105,
                0,
                0,
                137,
                4,
                0,
                28,
                22
            ],
            [
                0,
                2971,
                15,
                0,
                0,
                2,
                0,
                0,
                0,
                12
            ],
            [
                5,
                38,
                2889,
                3,
                0,
                12,
                45,
                1,
                2,
                5
            ],
            [
                89,
                15,
                310,
                1825,
                3,
                29,
                68,
                2,
                158,
                1
            ],
            [
                0,
                0,
                742,
                81,
                1591,
                0,
                29,
                21,
                36,
                0
            ],
            [
                5,
                186,
                145,
                0,
                0,
                1575,
                0,
                0,
                87,
                2
            ],
            [
                111,
                7,
                943,
                1,
                2,
                47,
                1364,
                0,
                25,
                0
            ],
            [
                0,
                10,
                1220,
                2,
                7,
                0,
                1,
                1760,
                0,
                0
            ],
            [
                137,
                131,
                252,
                30,
                1,
                35,
                2,
                0,
                1897,
                15
            ],
            [
                21,
                60,
                1,
                0,
                0,
                16,
                0,
                0,
                3,
                2899
            ]
        ]
    },
    "blurred": {
        "accuracy": 0.8494444444444444,
        "precision": 0.8772424855612551,