{
    "clean": {
        "accuracy": 0.9195061728395062,
        "precision": 0.9184315306873083,
        "recall": 0.9202001681226257,
        "f1": 0.9185119254506727,
        "parameters": 1176746,
        "model_size_mb": 4.514677047729492,
        "avg_latency_ms": 1.0110800002439646,
        "median_latency_ms": 1.0037500032922253,
        "confusion_matrix": [
            [
                402,
                2,
                9,
                3,
                0,
                15,
                20,
                0,
                13,
                8
            ],
            [
                0,
                427,
                5,
                0,
                0,
                5,
                0,
                1,
                4,
                0
            ],
            [
                1,
                1,
                414,
                0,
                3,
                4,
                25,
                6,
                4,
                0
            ],
            [
                2,
                0,
                5,
                343,
                12,
                4,
                10,
                1,
                14,
                0
            ],
            [
                0,
                0,
                1,
                1,
                368,
                0,
                3,
                5,
                0,
                0
            ],
            [
                0,
                9,
                10,
                0,
                0,
                278,
                0,
                0,
                0,
                2
            ],
            [
                5,
                1,
                22,
                2,
                1,
                7,
                334,
                2,
                5,
                0
            ],
            [
                0,
                0,
                1,
                1,
                16,
                0,
                0,
                430,
                2,
                0
            ],
            [
                6,
                1,
                5,
                10,
                2,
                5,
                1,
                0,
                343,
                2
            ],
            [
                2,
                7,
                3,
                0,
                0,
                2,
                0,
                0,
                7,
                385
            ]
        ]
    },
    "noisy": {
        "accuracy": 0.8681481481481481,
        "precision": 0.8700335086383142,
        "recall": 0.8693517917747023,
        "f1": 0.8657646167885249,
        "parameters": 1176746,
        "model_size_mb": 4.514677047729492,
        "avg_latency_ms": 1.0099169998284196,
        "median_latency_ms": 0.9900000004563481,
        "confusion_matrix": [
            [
                396,
                2,
                11,
                4,
                0,
                23,
                14,
                0,
                14,
                8
            ],
            [
                0,
                399,
                4,
                0,
                0,
                35,
                0,
                0,
                2,
                2
            ],
            [
                0,
                3,
                393,
                1,
                3,
                17,
                25,
                6,
                10,
                0
            ],
            [
                4,
                0,
                13,
                315,
                14,
                14,
                9,
                3,
                19,
                0
            ],
            [
                0,
                0,
                2,
                2,
                366,
                0,
                4,
                4,
                0,
                0
            ],
            [
                1,
                3,
                5,
                0,
                0,
                286,
                0,
                0,
                0,
                4
            ],
            [
                7,
                0,
                32,
                4,
                0,
                29,
                297,
                5,
                5,
                0
            ],
            [
                0,
                0,
                3,
                1,
                20,
                1,
                0,
                423,
                2,
                0
            ],
            [
                13,
                5,
                9,
                14,
                6,
                22,
                2,
                0,
                299,
                5
            ],
            [
                5,
                49,
                3,
                0,
                0,
                2,
                0,
                0,
                5,
                342
            ]
        ]
    },
    "low_light": {
        "accuracy": 0.8962962962962963,
        "precision": 0.8982521294105377,
        "recall": 0.895064166522362,
        "f1": 0.8951947610672086,
        "parameters": 1176746,
        "model_size_mb": 4.514677047729492,
        "avg_latency_ms": 1.9943190000049071,
        "median_latency_ms": 2.030750001722481,
        "confusion_matrix": [
            [
                390,
                5,
                12,
                0,
                0,
                27,
                20,
                0,
                12,
                6
            ],
            [
                0,
                432,
                3,
                0,
                0,
                3,
                0,
                1,
                3,
                0
            ],
            [
                0,
                14,
                402,
                0,
                0,
                4,
                27,
                4,
                5,
                2
            ],
            [
                4,
                0,
                9,
                336,
                6,
                7,
                17,
                2,
                10,
                0
            ],
            [
                0,
                0,
                1,
                2,
                354,
                0,
                7,
                14,
                0,
                0
            ],
            [
                0,
                23,
                12,
                0,
                0,
                262,
                0,
                0,
                2,
                0
            ],
            [
                4,
                1,
                48,
                1,
                0,
                8,
                315,
                1,
                1,
                0
            ],
            [
                0,
                0,
                2,
                1,
                4,
                0,
                1,
                440,
                2,
                0
            ],
            [
                10,
                5,
                8,
                11,
                2,
                9,
                1,
                0,
                327,
                2
            ],
            [
                4,
                21,
                3,
                0,
                0,
                2,
                0,
                0,
                4,
                372
            ]
        ]
    },
    "blurred": {
        "accuracy": 0.9079012345679013,
        "precision": 0.908381940837854,
        "recall": 0.9085946939070864,
        "f1": 0.9070974186451644,
        "parameters": 1176746,