{
    "clean": {
        "accuracy": 0.9506172839506173,
        "precision": 0.9497932153075942,
        "recall": 0.9510810061869103,
        "f1": 0.9499761512523561,
        "parameters": 1176746,
        "model_size_mb": 4.514432907104492,
        "avg_latency_ms": 1.5388890002213884,
        "median_latency_ms": 1.2411000006977702,
        "confusion_matrix": [
            [
                426,
                2,
                3,
                0,
                0,
                14,
                3,
                0,
                18,
                6
            ],
            [
                0,
                435,
                1,
                0,
                0,
                5,
                0,
                0,
                1,
                0
            ],
            [
                1,
                1,
                430,
                2,
                0,
                6,
                14,
                3,
                1,
                0
            ],
            [
                0,
                1,
                0,
                380,
                1,
                0,
                2,
                0,
                7,
                0
            ],
            [
                0,
                0,
                1,
                8,
                365,
                0,
                3,
                1,
                0,
                0
            ],
            [
                4,
                1,
                1,
                0,
                0,
                288,
                0,
                0,
                5,
                0
            ],
            [
                9,
                0,
                30,
                2,
                0,
                1,
                331,
                0,
                6,
                0
            ],
            [
                0,
                0,
                6,
                0,
                7,
                0,
                0,
                437,
                0,
                0
            ],
            [
                1,
                1,
                2,
                10,
                0,
                1,
                0,
                0,
                359,
                1
            ],
            [
                0,
                0,
                3,
                0,
                0,
                1,
                0,
                0,
                3,
                399
            ]
        ]
    },
    "noisy": {
        "accuracy": 0.23135802469135802,
        "precision": 0.434311122168733,
        "recall": 0.22625278740876467,
        "f1": 0.17611105653039802,
        "parameters": 1176746,
        "model_size_mb": 4.514432907104492,
        "avg_latency_ms": 1.0648089998358046,
        "median_latency_ms": 1.003899998977431,
        "confusion_matrix": [
            [
                3,
                2,
                13,
                90,
                0,
                0,
                40,
                321,
                3,
                0
            ],
            [
                0,
                15,
                0,
                0,
                0,
                0,
                0,
                427,
                0,
                0
            ],
            [
                0,
                0,
                12,
                3,
                2,
                0,
                0,
                441,
                0,
                0
            ],
            [
                0,
                0,
                0,
                146,
                0,
                0,
                0,
                245,
                0,
                0
            ],
            [
                0,
                0,
                0,
                2,
                290,
                0,
                0,
                86,
                0,
                0
            ],
            [
                0,
                0,
                0,
                0,
                0,
                0,
                0,
                299,
                0,
                0
            ],
            [
                0,
                0,
                0,
                13,
                5,
                0,
                20,
                341,
                0,
                0
            ],
            [
                0,
                0,
                0,
                0,
                0,
                0,
                0,
                450,
                0,
                0
            ],
            [
                0,
                0,
                0,
                14,
                0,
                0,
                0,
                360,
                1,
                0
            ],
            [
                0,
                7,
                0,
                0,
                0,
                0,
                0,
                399,
                0,
                0
            ]
        ]
    },
    "low_light": {
        "accuracy": 0.7916049382716049,
        "precision": 0.8654607955199924,
        "recall": 0.7864287736095577,
        "f1": 0.8011837930665198,
        "parameters": 1176746,
        "model_size_mb": 4.514432907104492,
        "avg_latency_ms": 1.0098880000441568,
        "median_latency_ms": 0.9888499989756383,
        "confusion_matrix": [
            [
                410,
                6,
                14,
                0,
                0,
                30,
                2,
                0,
                4,
                6
            ],
            [
                0,
                441,
                0,
                0,
                0,
                1,
                0,
                0,
                0,
                0
            ],
            [
                0,
                8,
                439,
                0,
                0,
                1,
                7,
                0,
                1,
                2
            ],
            [
                7,
                3,
                50,
                288,
                1,
                9,
                8,
                1,
                24,
                0
            ],
            [
                0,
                0,
                107,
                15,
                247,
                0,
                2,
                5,
                2,
                0
            ],
            [
                0,
                24,
                23,
                0,
                0,
                243,
                0,
                0,
                8,
                1
            ],
            [
                16,
                0,
                140,
                1,
                0,
                6,
                213,
                0,
                3,
                0
            ],
            [
                0,
                0,
                193,
                0,
                0,
                0,
                0,
                257,
                0,
                0
            ],
            [
                21,
                21,
                31,
                8,
                0,
                5,
                0,
                0,
                286,
                3
            ],
            [
                6,
                11,
                2,
                0,
                0,
                4,
                0,
                0,
                1,
                382
            ]
        ]
    },
    "blurred": {
        "accuracy": 0.8483950617283951,
        "precision": 0.8764476243967214,
        "recall": 0.8528890661291216,
        "f1": 0.8484848823759927,
        "parameters": 1176746,