{
    "clean": {
        "accuracy": 0.949,
        "precision": 0.9478792791141263,
        "recall": 0.9471133333333335,
        "f1": 0.9471059800254755,
        "parameters": 65699,
        "model_size_mb": 0.27956485748291016,
        "avg_latency_ms": 4.692920999732451,
        "median_latency_ms": 5.172649998712586,
        "confusion_matrix": [
            [
                2772,
                18,
                22,
                12,
                0,
                24,
                80,
                0,
                37,
                35
            ],
            [
                0,
                2972,
                18,
                0,
                0,
                2,
                0,
                1,
                4,
                3
            ],
            [
                23,
                9,
                2792,
                5,
                8,
                17,
                128,
                9,
                6,
                3
            ],
            [
                10,
                2,
                15,
                2243,
                114,
                16,
                47,
                9,
                43,
                1
            ],
            [
                0,
                0,
                1,
                13,
                2459,
                0,
                14,
                7,
                6,
                0
            ],
            [
                25,
                41,
                47,
                3,
                0,
                1844,
                27,
                0,
                9,
                4
            ],
            [
                35,
                1,
                84,
                13,
                4,
                9,
                2340,
                3,
                11,
                0
            ],
            [
                0,
                0,
                7,
                9,
                68,
                0,
                2,
                2914,
                0,
                0
            ],
            [
                32,
                6,
                18,
                40,
                12,
                45,
                41,
                0,
                2300,
                6
            ],
            [
                0,
                1,
                2,
                0,
                0,
                2,
                0,
                0,
                8,
                2987
            ]
        ]
    },
    "noisy": {
        "accuracy": 0.14592592592592593,
        "precision": 0.2949593807011904,
        "recall": 0.13730666666666666,
        "f1": 0.07607596939305797,
        "parameters": 65699,
        "model_size_mb": 0.27956485748291016,
        "avg_latency_ms": 2.712208000011742,
        "median_latency_ms": 2.275899998494424,
        "confusion_matrix": [
            [
                0,
                0,
                0,
                0,
                0,
                0,
                0,
                3000,
                0,
                0
            ],
            [
                0,
                46,
                0,
                0,
                0,
                0,
                0,
                2954,
                0,
                0
            ],
            [
                0,
                0,
                0,
                0,
                1,
                0,
                0,
                2999,
                0,
                0
            ],
            [
                0,
                0,
                0,
                3,
                8,
                0,
                0,
                2489,
                0,
                0
            ],
            [
                0,
                0,
                0,
                0,
                893,
                0,
                0,
                1607,
                0,
                0
            ],
            [
                0,
                0,
                0,
                0,
                0,
                0,
                0,
                2000,
                0,
                0
            ],
            [
                0,
                0,
                0,
                0,
                0,
                0,
                0,
                2500,
                0,
                0
            ],
            [
                0,
                0,
                0,
                0,
                2,
                0,
                0,
                2998,
                0,
                0
            ],
            [
                0,
                0,
                0,
                0,
                15,
                0,
                0,
                2485,
                0,
                0
            ],
            [
                0,
                7,
                0,
                0,
                5,
                0,
                0,
                2988,
                0,
                0
            ]
        ]
    },
    "low_light": {
        "accuracy": 0.7082592592592593,
        "precision": 0.8277478857030429,
        "recall": 0.6941866666666667,
        "f1": 0.7185659699205544,
        "parameters": 65699,
        "model_size_mb": 0.27956485748291016,
        "avg_latency_ms": 2.3491329998068977,
        "median_latency_ms": 2.324750001207576,
        "confusion_matrix": [
            [
                2298,
                53,
                321,
                7,
                0,
                51,
                40,
                0,
                4,
                226
            ],
            [
                0,
                2548,
                99,
                0,
                0,
                0,
                0,
                0,
                0,
                353
            ],
            [
                15,
                21,
                2827,
                1,
                0,
                4,
                67,
                0,
                1,
                64
            ],
            [
                79,
                19,
                1046,
                1047,
                34,
                57,
                129,
                8,
                76,
                5
            ],
            [
                0,
                0,
                457,
                46,
                1954,
                0,
                10,
                9,
                24,
                0
            ],
            [
                4,
                359,
                313,
                2,
                0,
                1238,
                4,
                0,
                66,
                14
            ],
            [
                67,
                2,
                1265,
                5,
                1,
                7,
                1132,
                0,
                20,
                1
            ],
            [
                0,
                5,
                1143,
                6,
                28,
                0,
                0,
                1818,
                0,
                0
            ],
            [
                104,
                87,
                819,
                19,
                3,
                71,
                21,
                0,
                1285,
                91
            ],
            [
                1,
                14,
                5,
                0,
                0,
                3,
                0,
                0,
                1,
                2976
            ]
        ]
    },
    "blurred": {
        "accuracy": 0.8364444444444444,
        "precision": 0.8562563493846224,