{
    "clean": {
        "accuracy": 0.9409876543209876,
        "precision": 0.9423100018023428,
        "recall": 0.9412387630090473,
        "f1": 0.940734231607667,
        "parameters": 65283,
        "model_size_mb": 0.2765798568725586,
        "avg_latency_ms": 1.6025400001308299,
        "median_latency_ms": 1.386550000461284,
        "confusion_matrix": [
            [
                427,
                2,
                3,
                3,
                0,
                6,
                21,
                0,
                1,
                9
            ],
            [
                0,
                437,
                1,
                0,
                0,
                3,
                0,
                0,
                1,
                0
            ],
            [
                3,
                7,
                402,
                0,
                1,
                4,
                40,
                0,
                1,
                0
            ],
            [
                0,
                1,
                5,
                363,
                9,
                0,
                11,
                1,
                1,
                0
            ],
            [
                0,
                0,
                0,
                4,
                366,
                0,
                5,
                3,
                0,
                0
            ],
            [
                6,
                1,
                5,
                0,
                0,
                281,
                5,
                0,
                0,
                1
            ],
            [
                6,
                1,
                7,
                3,
                1,
                0,
                360,
                0,
                1,
                0
            ],
            [
                0,
                0,
                1,
                1,
                4,
                0,
                1,
                443,
                0,
                0
            ],
            [
                11,
                0,
                1,
                18,
                2,
                3,
                6,
                0,
                332,
                2
            ],
            [
                2,
                1,
                0,
                0,
                0,
                1,
                0,
                0,
                2,
                400
            ]
        ]
    },
    "noisy": {
        "accuracy": 0.1271604938271605,
        "precision": 0.26432188142597396,
        "recall": 0.11699998294920724,
        "f1": 0.050891306866432576,
        "parameters": 65283,
        "model_size_mb": 0.2765798568725586,
        "avg_latency_ms": 1.2706720000278438,
        "median_latency_ms": 1.2679999999818392,
        "confusion_matrix": [
            [
                0,
                0,
                0,
                11,
                0,
                0,
                1,
                457,
                3,
                0
            ],
            [
                0,
                4,
                0,
                0,
                0,
                0,
                0,
                402,
                36,
                0
            ],
            [
                0,
                0,
                0,
                0,
                0,
                0,
                0,
                458,
                0,
                0
            ],
            [
                0,
                0,
                0,
                5,
                0,
                0,
                0,
                386,
                0,
                0
            ],
            [
                0,
                0,
                0,
                0,
                54,
                0,
                0,
                324,
                0,
                0
            ],
            [
                0,
                0,
                0,
                0,
                0,
                0,
                0,
                277,
                22,
                0
            ],
            [
                0,
                0,
                0,
                3,
                0,
                0,
                1,
                375,
                0,
                0
            ],
            [
                0,
                0,
                0,
                0,
                0,
                0,
                0,
                450,
                0,
                0
            ],
            [
                0,
                0,
                0,
                0,
                0,
                0,
                0,
                374,
                1,
                0
            ],
            [
                0,
                0,
                0,
                0,
                0,
                0,
                2,
                398,
                6,
                0
            ]
        ]
    },
    "low_light": {
        "accuracy": 0.72,
        "precision": 0.8093509818578595,
        "recall": 0.7085793075318767,
        "f1": 0.7234919932931557,
        "parameters": 65283,
        "model_size_mb": 0.2765798568725586,
        "avg_latency_ms": 1.2346049999177922,
        "median_latency_ms": 1.2248000002728077,
        "confusion_matrix": [
            [
                385,
                3,
                27,
                1,
                0,
                22,
                11,
                0,
                1,
                22
            ],
            [
                0,
                434,
                0,
                0,
                0,
                1,
                0,
                0,
                0,
                7
            ],
            [
                0,
                14,
                422,
                0,
                0,
                3,
                12,
                0,
                0,
                7
            ],
            [
                17,
                15,
                122,
                186,
                2,
                17,
                17,
                3,
                10,
                2
            ],
            [
                0,
                0,
                103,
                9,
                255,
                0,
                4,
                4,
                3,
                0
            ],
            [
                0,
                55,
                26,
                0,
                0,
                195,
                1,
                0,
                17,
                5
            ],
            [
                8,
                2,
                174,
                1,
                0,
                1,
                192,
                0,
                1,
                0
            ],
            [
                0,
                1,
                178,
                1,
                2,
                0,
                1,
                267,
                0,
                0
            ],
            [
                35,
                47,
                60,
                14,
                1,
                21,
                5,
                0,
                176,
                16
            ],
            [
                0,
                2,
                0,
                0,
                0,
                0,
                0,
                0,
                0,
                404
            ]
        ]
    },
    "blurred": {
        "accuracy": 0.8454320987654321,
        "precision": 0.8626016779315053,
        "recall": 0.8490697133859755,
        "f1": 0.844048484277662,
        "parameters": 65283,