{
    "clean": {
        "accuracy": 0.9464197530864198,
        "precision": 0.9477105553701284,
        "recall": 0.9464468022144544,
        "f1": 0.9460886447580539,
        "parameters": 583990,
        "model_size_mb": 2.3449039459228516,
        "avg_latency_ms": 2.294826000033936,
        "median_latency_ms": 2.2328499999275664,
        "confusion_matrix": [
            [
                436,
                1,
                1,
                3,
                0,
                7,
                15,
                0,
                4,
                5
            ],
            [
                0,
                434,
                2,
                0,
                0,
                3,
                0,
                0,
                2,
                1
            ],
            [
                1,
                5,
                401,
                0,
                4,
                3,
                40,
                3,
                1,
                0
            ],
            [
                3,
                0,
                0,
                372,
                3,
                2,
                7,
                2,
                2,
                0
            ],
            [
                0,
                0,
                3,
                2,
                347,
                0,
                4,
                21,
                1,
                0
            ],
            [
                7,
                1,
                4,
                0,
                0,
                277,
                9,
                0,
                0,
                1
            ],
            [
                5,
                0,
                3,
                0,
                0,
                0,
                368,
                1,
                2,
                0
            ],
            [
                0,
                0,
                2,
                0,
                0,
                0,
                4,
                444,
                0,
                0
            ],
            [
                3,
                0,
                0,
                10,
                1,
                1,
                1,
                0,
                357,
                2
            ],
            [
                0,
                1,
                3,
                0,
                0,
                1,
                0,
                0,
                4,
                397
            ]
        ]
    },
    "noisy": {
        "accuracy": 0.8992592592592593,
        "precision": 0.9059843531674687,
        "recall": 0.9004917887796215,
        "f1": 0.8989311919395109,
        "parameters": 583990,
        "model_size_mb": 2.3449039459228516,
        "avg_latency_ms": 2.2006529998907354,
        "median_latency_ms": 2.1751500007667346,
        "confusion_matrix": [
            [
                428,
                5,
                1,
                1,
                0,
                8,
                21,
                0,
                3,
                5
            ],
            [
                0,
                432,
                0,
                0,
                0,
                7,
                0,
                0,
                1,
                2
            ],
            [
                0,
                9,
                342,
                0,
                7,
                13,
                64,
                11,
                11,
                1
            ],
            [
                3,
                0,
                1,
                351,
                5,
                5,
                16,
                3,
                7,
                0
            ],
            [
                0,
                0,
                2,
                3,
                337,
                0,
                3,
                32,
                1,
                0
            ],
            [
                3,
                10,
                1,
                0,
                0,
                275,
                8,
                0,
                0,
                2
            ],
            [
                6,
                0,
                2,
                0,
                0,
                2,
                365,
                2,
                2,
                0
            ],
            [
                0,
                2,
                4,
                1,
                2,
                0,
                2,
                439,
                0,
                0
            ],
            [
                11,
                3,
                0,
                12,
                1,
                5,
                3,
                0,
                338,
                2
            ],
            [
                3,
                60,
                1,
                0,
                0,
                4,
                1,
                0,
                2,
                335
            ]
        ]
    },
    "low_light": {
        "accuracy": 0.9404938271604938,
        "precision": 0.9420136326028542,
        "recall": 0.9400326463702802,
        "f1": 0.9400551026918216,
        "parameters": 583990,
        "model_size_mb": 2.3449039459228516,
        "avg_latency_ms": 2.263030000067374,
        "median_latency_ms": 2.2578500011150027,
        "confusion_matrix": [
            [
                432,
                1,
                3,
                1,
                0,
                11,
                16,
                0,
                3,
                5
            ],
            [
                0,
                436,
                1,
                0,
                0,
                2,
                0,
                0,
                2,
                1
            ],
            [
                0,
                5,
                413,
                0,
                2,
                3,
                31,
                2,
                1,
                1
            ],
            [
                4,
                0,
                2,
                361,
                3,
                1,
                16,
                0,
                4,
                0
            ],
            [
                0,
                0,
                4,
                4,
                339,
                0,
                4,
                25,
                2,
                0
            ],
            [
                6,
                2,
                7,
                0,
                0,
                275,
                8,
                0,
                1,
                0
            ],
            [
                2,
                0,
                9,
                0,
                0,
                0,
                366,
                0,
                2,
                0
            ],
            [
                0,
                4,
                5,
                0,
                0,
                0,
                6,
                435,
                0,
                0
            ],
            [
                2,
                1,
                0,
                12,
                0,
                1,
                1,
                0,
                356,
                2
            ],
            [
                1,
                1,
                3,
                0,
                0,
                2,
                0,
                0,
                3,
                396
            ]
        ]
    },
    "blurred": {
        "accuracy": 0.9432098765432099,
        "precision": 0.9436711454654164,
        "recall": 0.9428586556660603,
        "f1": 0.9427985728137426,
        "parameters": 583990,