{
    "model_name": "eagle_net",
    "accuracy": 0.9454320987654321,
    "macro_precision": 0.944885688842335,
    "macro_recall": 0.9440907258246745,
    "macro_f1": 0.9441354632477887,
    "parameters": 65699,
    "model_size_mb": 0.27956485748291016,
    "avg_inference_time_ms": 2.030923999955121,
    "median_inference_time_ms": 2.2306499995465856,
    "classification_report": {
        "AnnualCrop": {
            "precision": 0.946236559139785,
            "recall": 0.9322033898305084,
            "f1-score": 0.9391675560298826,
            "support": 472.0
        },
        "Forest": {
            "precision": 0.9688195991091314,
            "recall": 0.9841628959276018,
            "f1-score": 0.9764309764309764,
            "support": 442.0
        },
        "HerbaceousVegetation": {
            "precision": 0.9282608695652174,
            "recall": 0.9323144104803494,
            "f1-score": 0.9302832244008714,
            "support": 458.0
        },
        "Highway": {
            "precision": 0.9455040871934605,
            "recall": 0.887468030690537,
            "f1-score": 0.9155672823218998,
            "support": 391.0
        },
        "Industrial": {
            "precision": 0.925,
            "recall": 0.9788359788359788,
            "f1-score": 0.9511568123393316,
            "support": 378.0
        },
        "Pasture": {
            "precision": 0.9413793103448276,
            "recall": 0.9130434782608695,
            "f1-score": 0.9269949066213922,
            "support": 299.0
        },
        "PermanentCrop": {
            "precision": 0.885286783042394,
            "recall": 0.9366754617414248,
            "f1-score": 0.9102564102564102,
            "support": 379.0
        },
        "Residential": {
            "precision": 0.9841628959276018,
            "recall": 0.9666666666666667,
            "f1-score": 0.9753363228699552,
            "support": 450.0
        },
        "River": {
            "precision": 0.9553072625698324,
            "recall": 0.912,
            "f1-score": 0.9331514324693042,
            "support": 375.0
        },
        "SeaLake": {
            "precision": 0.9688995215311005,
            "recall": 0.9975369458128078,
            "f1-score": 0.9830097087378641,
            "support": 406.0
        },
        "accuracy": 0.9454320987654321,
        "macro avg": {
            "precision": 0.944885688842335,
            "recall": 0.9440907258246745,
            "f1-score": 0.9441354632477887,
            "support": 4050.0
        },
        "weighted avg": {
            "precision": 0.9458790943241069,
            "recall": 0.9454320987654321,
            "f1-score": 0.9453227427255168,
            "support": 4050.0
        }
    },
    "confusion_matrix": [
        [
            440,
            2,
            4,
            3,
            0,
            3,
            7,
            0,
            3,
            10
        ],
        [
            0,
            435,
            2,
            0,
            0,
            1,
            0,
            1,
            2,
            1
        ],
        [
            6,
            2,
            427,
            1,
            0,
            2,
            18,
            1,
            1,
            0
        ],
        [
            2,
            1,
            4,
            347,
            16,
            2,
            11,
            1,
            7,
            0
        ],
        [
            0,
            0,
            0,
            3,
            370,
            0,
            2,
            3,
            0,
            0
        ],
        [
            6,
            9,
            6,
            0,
            0,
            273,
            3,
            0,
            1,
            1
        ],
        [
            7,
            0,
            11,
            3,
            0,
            0,
            355,
            1,
            2,
            0
        ],
        [
            0,
            0,
            1,
            2,
            11,
            0,
            1,
            435,
            0,
            0
        ],
        [
            4,
            0,
            4,
            8,
            3,
            9,
            4,
            0,
            342,
            1
        ],
        [
            0,
            0,
            1,
            0,
            0,
            0,
            0,
            0,
            0,
            405
        ]
    ],
    "class_names": [
        "AnnualCrop",
        "Forest",
        "HerbaceousVegetation",
        "Highway",
        "Industrial",
        "Pasture",
        "PermanentCrop",
        "Residential",
        "River",
        "SeaLake"
    ]
}