{
    "clean": {
        "accuracy": 0.9481481481481482,
        "precision": 0.9485251395287374,
        "recall": 0.9477260327561414,
        "f1": 0.9475967037519286,
        "parameters": 50570,
        "model_size_mb": 0.21483325958251953,
        "avg_latency_ms": 0.569845000100031,
        "median_latency_ms": 0.5602999990514945,
        "confusion_matrix": [
            [
                447,
                2,
                2,
                2,
                0,
                6,
                4,
                0,
                3,
                6
            ],
            [
                1,
                436,
                1,
                0,
                0,
                1,
                0,
                0,
                3,
                0
            ],
            [
                2,
                6,
                427,
                3,
                2,
                7,
                9,
                0,
                1,
                1
            ],
            [
                1,
                1,
                3,
                379,
                1,
                1,
                2,
                1,
                2,
                0
            ],
            [
                0,
                0,
                1,
                15,
                357,
                0,
                1,
                3,
                1,
                0
            ],
            [
                2,
                2,
                2,
                0,
                0,
                291,
                0,
                0,
                1,
                1
            ],
            [
                9,
                0,
                30,
                6,
                0,
                1,
                332,
                0,
                1,
                0
            ],
            [
                0,
                0,
                4,
                6,
                4,
                0,
                1,
                435,
                0,
                0
            ],
            [
                8,
                0,
                2,
                17,
                1,
                5,
                1,
                0,
                339,
                2
            ],
            [
                3,
                0,
                0,
                0,
                0,
                2,
                0,
                0,
                4,
                397
            ]
        ]
    },
    "noisy": {
        "accuracy": 0.1271604938271605,
        "precision": 0.2977100811442718,
        "recall": 0.11689486733923231,
        "f1": 0.05082251858537586,
        "parameters": 50570,
        "model_size_mb": 0.21483325958251953,
        "avg_latency_ms": 0.582294999876467,
        "median_latency_ms": 0.5758999996032799,
        "confusion_matrix": [
            [
                0,
                0,
                0,
                12,
                0,
                0,
                1,
                459,
                0,
                0
            ],
            [
                1,
                6,
                0,
                0,
                0,
                0,
                0,
                435,
                0,
                0
            ],
            [
                0,
                0,
                0,
                0,
                0,
                0,
                0,
                458,
                0,
                0
            ],
            [
                0,
                0,
                0,
                8,
                0,
                0,
                0,
                383,
                0,
                0
            ],
            [
                0,
                0,
                0,
                0,
                50,
                0,
                0,
                328,
                0,
                0
            ],
            [
                0,
                0,
                0,
                0,
                0,
                0,
                0,
                299,
                0,
                0
            ],
            [
                0,
                0,
                0,
                2,
                0,
                0,
                1,
                376,
                0,
                0
            ],
            [
                0,
                0,
                0,
                0,
                0,
                0,
                0,
                450,
                0,
                0
            ],
            [
                0,
                0,
                0,
                0,
                0,
                0,
                0,
                375,
                0,
                0
            ],
            [
                3,
                0,
                0,
                0,
                0,
                0,
                0,
                403,
                0,
                0
            ]
        ]
    },
    "low_light": {
        "accuracy": 0.6975308641975309,
        "precision": 0.7900616711965935,
        "recall": 0.685562818365365,
        "f1": 0.6970487793442064,
        "parameters": 50570,
        "model_size_mb": 0.21483325958251953,
        "avg_latency_ms": 0.5437649998930283,
        "median_latency_ms": 0.535300001502037,
        "confusion_matrix": [
            [
                423,
                5,
                12,
                1,
                0,
                18,
                1,
                0,
                0,
                12
            ],
            [
                1,
                435,
                0,
                0,
                0,
                0,
                0,
                0,
                0,
                6
            ],
            [
                3,
                11,
                422,
                0,
                0,
                2,
                15,
                0,
                0,
                5
            ],
            [
                32,
                6,
                134,
                167,
                1,
                14,
                22,
                1,
                14,
                0
            ],
            [
                0,
                0,
                83,
                77,
                208,
                0,
                4,
                2,
                4,
                0
            ],
            [
                9,
                64,
                18,
                0,
                0,
                187,
                0,
                0,
                20,
                1
            ],
            [
                21,
                1,
                160,
                4,
                0,
                7,
                185,
                0,
                1,
                0
            ],
            [
                0,
                14,
                242,
                1,
                0,
                0,
                4,
                189,
                0,
                0
            ],
            [
                50,
                34,
                57,
                15,
                0,
                5,
                0,
                0,
                211,
                3
            ],
            [
                3,
                3,
                0,
                0,
                0,
                1,
                0,
                0,
                1,
                398
            ]
        ]
    },
    "blurred": {
        "accuracy": 0.8007407407407408,
        "precision": 0.8393678849265667,
        "recall": 0.8052424038642778,
        "f1": 0.7978164004193983,
        "parameters": 50570,