{
    "model_name": "lightweight_cnn",
    "accuracy": 0.9481481481481482,
    "macro_precision": 0.9485251395287374,
    "macro_recall": 0.9477260327561414,
    "macro_f1": 0.9475967037519286,
    "parameters": 50570,
    "model_size_mb": 0.21483325958251953,
    "avg_inference_time_ms": 0.561072999935277,
    "median_inference_time_ms": 0.5624999994324753,
    "classification_report": {
        "AnnualCrop": {
            "precision": 0.945031712473573,
            "recall": 0.9470338983050848,
            "f1-score": 0.946031746031746,
            "support": 472.0
        },
        "Forest": {
            "precision": 0.9753914988814317,
            "recall": 0.9864253393665159,
            "f1-score": 0.9808773903262092,
            "support": 442.0
        },
        "HerbaceousVegetation": {
            "precision": 0.9046610169491526,
            "recall": 0.9323144104803494,
            "f1-score": 0.9182795698924732,
            "support": 458.0
        },
        "Highway": {
            "precision": 0.8855140186915887,
            "recall": 0.969309462915601,
            "f1-score": 0.9255189255189256,
            "support": 391.0
        },
        "Industrial": {
            "precision": 0.9780821917808219,
            "recall": 0.9444444444444444,
            "f1-score": 0.9609690444145357,
            "support": 378.0
        },
        "Pasture": {
            "precision": 0.9267515923566879,
            "recall": 0.9732441471571907,
            "f1-score": 0.9494290375203915,
            "support": 299.0
        },
        "PermanentCrop": {
            "precision": 0.9485714285714286,
            "recall": 0.8759894459102903,
            "f1-score": 0.9108367626886146,
            "support": 379.0
        },
        "Residential": {
            "precision": 0.9908883826879271,
            "recall": 0.9666666666666667,
            "f1-score": 0.9786276715410573,
            "support": 450.0
        },
        "River": {
            "precision": 0.9549295774647887,
            "recall": 0.904,
            "f1-score": 0.9287671232876712,
            "support": 375.0
        },
        "SeaLake": {
            "precision": 0.9754299754299754,
            "recall": 0.9778325123152709,
            "f1-score": 0.976629766297663,
            "support": 406.0
        },
        "accuracy": 0.9481481481481482,
        "macro avg": {
            "precision": 0.9485251395287374,
            "recall": 0.9477260327561414,
            "f1-score": 0.9475967037519286,
            "support": 4050.0
        },
        "weighted avg": {
            "precision": 0.9491590216503819,
            "recall": 0.9481481481481482,
            "f1-score": 0.9481578410245187,
            "support": 4050.0
        }
    },
    "confusion_matrix": [
        [
            447,
            2,
            2,
            2,
            0,
            6,
            4,
            0,
            3,
            6
        ],
        [
            1,
            436,
            1,
            0,
            0,
            1,
            0,
            0,
            3,
            0
        ],
        [
            2,
            6,
            427,
            3,
            2,
            7,
            9,
            0,
            1,
            1
        ],
        [
            1,
            1,
            3,
            379,
            1,
            1,
            2,
            1,
            2,
            0
        ],
        [
            0,
            0,
            1,
            15,
            357,
            0,
            1,
            3,
            1,
            0
        ],
        [
            2,
            2,
            2,
            0,
            0,
            291,
            0,
            0,
            1,
            1
        ],
        [
            9,
            0,
            30,
            6,
            0,
            1,
            332,
            0,
            1,
            0
        ],
        [
            0,
            0,
            4,
            6,
            4,
            0,
            1,
            435,
            0,
            0
        ],
        [
            8,
            0,
            2,
            17,
            1,
            5,
            1,
            0,
            339,
            2
        ],
        [
            3,
            0,
            0,
            0,
            0,
            2,
            0,
            0,
            4,
            397
        ]
    ],
    "class_names": [
        "AnnualCrop",
        "Forest",
        "HerbaceousVegetation",
        "Highway",
        "Industrial",
        "Pasture",
        "PermanentCrop",
        "Residential",
        "River",
        "SeaLake"
    ]
}