{
    "clean": {
        "accuracy": 0.8990123456790123,
        "precision": 0.8994157482933434,
        "recall": 0.8962195224831934,
        "f1": 0.8960186386410376,
        "parameters": 49866,
        "model_size_mb": 0.2104663848876953,
        "avg_latency_ms": 1.5975120002985932,
        "median_latency_ms": 1.7451500025345013,
        "confusion_matrix": [
            [
                438,
                5,
                2,
                4,
                0,
                5,
                7,
                0,
                3,
                8
            ],
            [
                0,
                434,
                1,
                0,
                0,
                4,
                0,
                0,
                2,
                1
            ],
            [
                3,
                12,
                396,
                1,
                5,
                5,
                13,
                14,
                8,
                1
            ],
            [
                7,
                1,
                11,
                293,
                9,
                13,
                18,
                9,
                30,
                0
            ],
            [
                0,
                0,
                0,
                8,
                352,
                0,
                1,
                15,
                2,
                0
            ],
            [
                3,
                17,
                1,
                0,
                0,
                273,
                2,
                0,
                3,
                0
            ],
            [
                10,
                1,
                71,
                2,
                2,
                3,
                286,
                2,
                2,
                0
            ],
            [
                0,
                0,
                0,
                1,
                1,
                0,
                0,
                447,
                1,
                0
            ],
            [
                15,
                2,
                2,
                8,
                1,
                11,
                1,
                0,
                333,
                2
            ],
            [
                5,
                3,
                0,
                0,
                0,
                1,
                0,
                0,
                8,
                389
            ]
        ]
    },
    "noisy": {
        "accuracy": 0.8239506172839506,
        "precision": 0.8303738143345681,
        "recall": 0.8236682583935467,
        "f1": 0.8185745592525144,
        "parameters": 49866,
        "model_size_mb": 0.2104663848876953,
        "avg_latency_ms": 0.7716990001063095,
        "median_latency_ms": 0.5100500020489562,
        "confusion_matrix": [
            [
                408,
                4,
                8,
                3,
                0,
                25,
                8,
                0,
                9,
                7
            ],
            [
                0,
                420,
                0,
                0,
                0,
                11,
                0,
                0,
                2,
                9
            ],
            [
                5,
                11,
                312,
                3,
                11,
                34,
                20,
                20,
                33,
                9
            ],
            [
                11,
                1,
                9,
                235,
                10,
                20,
                14,
                15,
                76,
                0
            ],
            [
                0,
                0,
                0,
                5,
                335,
                0,
                0,
                34,
                4,
                0
            ],
            [
                3,
                16,
                0,
                0,
                0,
                278,
                0,
                0,
                1,
                1
            ],
            [
                8,
                2,
                65,
                5,
                3,
                13,
                263,
                7,
                12,
                1
            ],
            [
                0,
                0,
                0,
                0,
                0,
                1,
                0,
                449,
                0,
                0
            ],
            [
                12,
                13,
                2,
                12,
                3,
                19,
                0,
                1,
                310,
                3
            ],
            [
                2,
                64,
                1,
                0,
                0,
                6,
                0,
                0,
                6,
                327
            ]
        ]
    },
    "low_light": {
        "accuracy": 0.8871604938271604,
        "precision": 0.8902455391927996,
        "recall": 0.8828243282253367,
        "f1": 0.883952982337334,
        "parameters": 49866,
        "model_size_mb": 0.2104663848876953,
        "avg_latency_ms": 0.5050679999840213,
        "median_latency_ms": 0.47140000242507085,
        "confusion_matrix": [
            [
                421,
                9,
                5,
                7,
                0,
                12,
                10,
                0,
                4,
                4
            ],
            [
                0,
                434,
                4,
                0,
                0,
                2,
                0,
                0,
                2,
                0
            ],
            [
                1,
                13,
                420,
                3,
                1,
                2,
                7,
                6,
                4,
                1
            ],
            [
                8,
                1,
                20,
                285,
                4,
                13,
                19,
                9,
                32,
                0
            ],
            [
                0,
                0,
                1,
                7,
                337,
                0,
                1,
                30,
                2,
                0
            ],
            [
                2,
                22,
                8,
                0,
                0,
                264,
                1,
                0,
                2,
                0
            ],
            [
                5,
                2,
                74,
                3,
                1,
                1,
                288,
                2,
                3,
                0
            ],
            [
                0,
                0,
                4,
                0,
                1,
                0,
                0,
                445,
                0,
                0
            ],
            [
                12,
                8,
                5,
                14,
                1,
                18,
                4,
                0,
                312,
                1
            ],
            [
                7,
                2,
                1,
                0,
                0,
                3,
                0,
                0,
                6,
                387
            ]
        ]
    },
    "blurred": {
        "accuracy": 0.9,
        "precision": 0.9010560466539184,
        "recall": 0.896682703053356,
        "f1": 0.8974855557233086,
        "parameters": 49866,