{
    "clean": {
        "accuracy": 0.9504444444444444,
        "precision": 0.9496800871739666,
        "recall": 0.9487533333333333,
        "f1": 0.9488913794290544,
        "parameters": 50570,
        "model_size_mb": 0.21483325958251953,
        "avg_latency_ms": 1.4955720002399175,
        "median_latency_ms": 1.4147000001685228,
        "confusion_matrix": [
            [
                2864,
                11,
                13,
                17,
                0,
                30,
                19,
                0,
                28,
                18
            ],
            [
                1,
                2982,
                5,
                0,
                0,
                4,
                0,
                0,
                4,
                4
            ],
            [
                26,
                25,
                2811,
                15,
                14,
                37,
                59,
                1,
                11,
                1
            ],
            [
                18,
                3,
                14,
                2379,
                14,
                9,
                20,
                6,
                36,
                1
            ],
            [
                0,
                0,
                2,
                131,
                2344,
                0,
                7,
                7,
                9,
                0
            ],
            [
                13,
                14,
                19,
                2,
                0,
                1922,
                10,
                0,
                17,
                3
            ],
            [
                91,
                3,
                175,
                21,
                7,
                9,
                2174,
                1,
                19,
                0
            ],
            [
                0,
                0,
                12,
                26,
                38,
                0,
                3,
                2921,
                0,
                0
            ],
            [
                54,
                5,
                12,
                81,
                4,
                19,
                20,
                0,
                2301,
                4
            ],
            [
                9,
                0,
                0,
                0,
                0,
                7,
                0,
                0,
                20,
                2964
            ]
        ]
    },
    "noisy": {
        "accuracy": 0.12903703703703703,
        "precision": 0.29647357207520003,
        "recall": 0.11913333333333334,
        "f1": 0.054130142498684794,
        "parameters": 50570,
        "model_size_mb": 0.21483325958251953,
        "avg_latency_ms": 0.6584640001165099,
        "median_latency_ms": 0.5980999994790182,
        "confusion_matrix": [
            [
                1,
                0,
                0,
                42,
                0,
                0,
                12,
                2945,
                0,
                0
            ],
            [
                0,
                33,
                0,
                0,
                0,
                0,
                0,
                2967,
                0,
                0
            ],
            [
                0,
                0,
                0,
                1,
                0,
                0,
                0,
                2999,
                0,
                0
            ],
            [
                0,
                0,
                0,
                52,
                2,
                0,
                0,
                2446,
                0,
                0
            ],
            [
                0,
                0,
                0,
                0,
                393,
                0,
                0,
                2107,
                0,
                0
            ],
            [
                0,
                0,
                0,
                0,
                0,
                0,
                0,
                2000,
                0,
                0
            ],
            [
                0,
                0,
                0,
                7,
                3,
                0,
                5,
                2485,
                0,
                0
            ],
            [
                0,
                0,
                0,
                0,
                0,
                0,
                0,
                3000,
                0,
                0
            ],
            [
                0,
                0,
                0,
                1,
                1,
                0,
                0,
                2498,
                0,
                0
            ],
            [
                12,
                0,
                0,
                2,
                0,
                0,
                0,
                2986,
                0,
                0
            ]
        ]
    },
    "low_light": {
        "accuracy": 0.7021481481481482,
        "precision": 0.7965902623911958,
        "recall": 0.6862633333333333,
        "f1": 0.6983726464436211,
        "parameters": 50570,
        "model_size_mb": 0.21483325958251953,
        "avg_latency_ms": 2.3519749995466555,
        "median_latency_ms": 1.9455499987088842,
        "confusion_matrix": [
            [
                2692,
                33,
                99,
                1,
                0,
                77,
                20,
                0,
                8,
                70
            ],
            [
                0,
                2961,
                6,
                0,
                0,
                0,
                0,
                0,
                0,
                33
            ],
            [
                17,
                45,
                2803,
                1,
                0,
                8,
                78,
                0,
                1,
                47
            ],
            [
                211,
                57,
                862,
                1060,
                3,
                92,
                116,
                1,
                93,
                5
            ],
            [
                0,
                0,
                601,
                462,
                1397,
                0,
                8,
                6,
                26,
                0
            ],
            [
                65,
                389,
                162,
                1,
                0,
                1271,
                4,
                0,
                95,
                13
            ],
            [
                177,
                11,
                1046,
                13,
                2,
                52,
                1184,
                0,
                12,
                3
            ],
            [
                0,
                84,
                1581,
                9,
                7,
                0,
                20,
                1298,
                1,
                0
            ],
            [
                402,
                199,
                419,
                50,
                0,
                65,
                16,
                0,
                1331,
                18
            ],
            [
                18,
                4,
                1,
                0,
                0,
                12,
                0,
                0,
                4,
                2961
            ]
        ]
    },
    "blurred": {
        "accuracy": 0.807037037037037,
        "precision": 0.8441373735227927,